-- phpMyAdmin SQL Dump
-- version 4.8.5
-- https://www.phpmyadmin.net/
--
-- Hôte : 127.0.0.1:3306
-- Généré le :  mer. 13 nov. 2019 à 14:57
-- Version du serveur :  5.7.26
-- Version de PHP :  7.3.5

SET SQL_MODE = "NO_AUTO_VALUE_ON_ZERO";
SET AUTOCOMMIT = 0;
START TRANSACTION;
SET time_zone = "+00:00";


/*!40101 SET @OLD_CHARACTER_SET_CLIENT=@@CHARACTER_SET_CLIENT */;
/*!40101 SET @OLD_CHARACTER_SET_RESULTS=@@CHARACTER_SET_RESULTS */;
/*!40101 SET @OLD_COLLATION_CONNECTION=@@COLLATION_CONNECTION */;
/*!40101 SET NAMES utf8mb4 */;

--
-- Base de données :  `laterineindia`
--
CREATE DATABASE IF NOT EXISTS `laterineindia` DEFAULT CHARACTER SET utf8 COLLATE utf8_general_ci;
USE `laterineindia`;

-- --------------------------------------------------------

--
-- Structure de la table `env`
--

DROP TABLE IF EXISTS `env`;
CREATE TABLE IF NOT EXISTS `env` (
  `idEnvi` int(11) NOT NULL AUTO_INCREMENT,
  `idState` int(11) DEFAULT NULL,
  `idType` int(11) DEFAULT NULL,
  PRIMARY KEY (`idEnvi`),
  UNIQUE KEY `idState` (`idState`,`idType`)
) ENGINE=InnoDB AUTO_INCREMENT=256 DEFAULT CHARSET=utf8;

--
-- Déchargement des données de la table `env`
--

INSERT INTO `env` (`idEnvi`, `idState`, `idType`) VALUES
(1, 1, 1),
(2, 1, 2),
(3, 2, 1),
(4, 2, 2),
(5, 3, 1),
(6, 3, 2),
(7, 4, 1),
(8, 4, 2),
(9, 5, 1),
(10, 5, 2),
(11, 6, 1),
(12, 6, 2),
(13, 7, 1),
(14, 7, 2),
(15, 8, 1),
(16, 8, 2),
(17, 9, 1),
(18, 9, 2),
(19, 10, 1),
(20, 10, 2),
(21, 11, 1),
(22, 11, 2),
(23, 12, 1),
(24, 12, 2),
(25, 13, 1),
(26, 13, 2),
(27, 14, 1),
(28, 14, 2),
(29, 15, 1),
(30, 15, 2),
(31, 16, 1),
(32, 16, 2),
(33, 17, 1),
(34, 17, 2),
(35, 18, 1),
(36, 18, 2),
(37, 19, 1),
(38, 19, 2),
(39, 20, 1),
(40, 20, 2),
(41, 21, 1),
(42, 21, 2),
(43, 22, 1),
(44, 22, 2),
(45, 23, 1),
(46, 23, 2),
(47, 24, 1),
(48, 24, 2),
(49, 25, 1),
(50, 25, 2),
(51, 26, 1),
(52, 26, 2),
(53, 27, 1),
(54, 27, 2),
(55, 28, 1),
(56, 28, 2),
(57, 29, 1),
(58, 29, 2),
(59, 30, 1),
(60, 30, 2),
(61, 31, 1),
(62, 31, 2),
(63, 32, 1),
(64, 32, 2),
(65, 33, 1),
(66, 33, 2),
(67, 34, 1),
(68, 34, 2),
(69, 35, 1),
(70, 35, 2),
(71, 36, 1),
(72, 36, 2),
(73, 37, 1),
(74, 37, 2),
(75, 38, 1),
(76, 38, 2),
(77, 39, 1),
(78, 39, 2),
(79, 40, 1),
(80, 40, 2),
(81, 41, 1),
(82, 41, 2),
(83, 42, 1),
(84, 42, 2),
(85, 43, 1),
(86, 43, 2),
(87, 44, 1),
(88, 44, 2),
(89, 45, 1),
(90, 45, 2),
(91, 46, 1),
(92, 46, 2),
(93, 47, 1),
(94, 47, 2),
(95, 48, 1),
(96, 48, 2),
(97, 49, 1),
(98, 49, 2),
(99, 50, 1),
(100, 50, 2),
(101, 51, 1),
(102, 51, 2),
(103, 52, 1),
(104, 52, 2),
(105, 53, 1),
(106, 53, 2),
(107, 54, 1),
(108, 54, 2),
(109, 55, 1),
(110, 55, 2),
(111, 56, 1),
(112, 56, 2),
(113, 57, 1),
(114, 57, 2),
(115, 58, 1),
(116, 58, 2),
(117, 59, 1),
(118, 59, 2),
(119, 60, 1),
(120, 60, 2),
(121, 61, 1),
(122, 61, 2),
(123, 62, 1),
(124, 62, 2),
(125, 63, 1),
(126, 63, 2),
(127, 64, 1),
(128, 64, 2),
(129, 65, 1),
(130, 65, 2),
(131, 66, 1),
(132, 66, 2),
(133, 67, 1),
(134, 67, 2),
(135, 68, 1),
(136, 68, 2),
(137, 69, 1),
(138, 69, 2),
(139, 70, 1),
(140, 70, 2);

-- --------------------------------------------------------

--
-- Structure de la table `equipenvi`
--

DROP TABLE IF EXISTS `equipenvi`;
CREATE TABLE IF NOT EXISTS `equipenvi` (
  `idEnvi` int(11) DEFAULT NULL,
  `idEquip` int(11) DEFAULT NULL,
  UNIQUE KEY `idEnvi` (`idEnvi`,`idEquip`)
) ENGINE=InnoDB DEFAULT CHARSET=utf8;

--
-- Déchargement des données de la table `equipenvi`
--

INSERT INTO `equipenvi` (`idEnvi`, `idEquip`) VALUES
(1, 1),
(1, 2),
(2, 1),
(2, 2),
(3, 3),
(3, 4),
(4, 3),
(4, 4),
(5, 5),
(5, 6),
(6, 5),
(6, 6),
(7, 7),
(7, 8),
(8, 7),
(8, 8),
(9, 9),
(9, 10),
(10, 9),
(10, 10),
(11, 11),
(11, 12),
(12, 11),
(12, 12),
(13, 13),
(13, 14),
(14, 13),
(14, 14),
(15, 15),
(15, 16),
(16, 15),
(16, 16),
(17, 17),
(17, 18),
(18, 17),
(18, 18),
(19, 19),
(19, 20),
(20, 19),
(20, 20),
(21, 21),
(21, 22),
(22, 21),
(22, 22),
(23, 23),
(23, 24),
(24, 23),
(24, 24),
(25, 25),
(25, 26),
(26, 25),
(26, 26),
(27, 27),
(27, 28),
(28, 27),
(28, 28),
(29, 29),
(29, 30),
(30, 29),
(30, 30),
(31, 31),
(31, 32),
(32, 31),
(32, 32),
(33, 33),
(33, 34),
(34, 33),
(34, 34),
(35, 35),
(35, 36),
(36, 35),
(36, 36),
(37, 37),
(37, 38),
(38, 37),
(38, 38),
(39, 39),
(39, 40),
(40, 39),
(40, 40),
(41, 41),
(41, 42),
(42, 41),
(42, 42),
(43, 43),
(43, 44),
(44, 43),
(44, 44),
(45, 45),
(45, 46),
(46, 45),
(46, 46),
(47, 47),
(47, 48),
(48, 47),
(48, 48),
(49, 49),
(49, 50),
(50, 49),
(50, 50),
(51, 51),
(51, 52),
(52, 51),
(52, 52),
(53, 53),
(53, 54),
(54, 53),
(54, 54),
(55, 55),
(55, 56),
(56, 55),
(56, 56),
(57, 57),
(57, 58),
(58, 57),
(58, 58),
(59, 59),
(59, 60),
(60, 59),
(60, 60),
(61, 61),
(61, 62),
(62, 61),
(62, 62),
(63, 63),
(63, 64),
(64, 63),
(64, 64),
(65, 65),
(65, 66),
(66, 65),
(66, 66),
(67, 67),
(67, 68),
(68, 67),
(68, 68),
(69, 69),
(69, 70),
(70, 69),
(70, 70);

-- --------------------------------------------------------

--
-- Structure de la table `globlatrines`
--

DROP TABLE IF EXISTS `globlatrines`;
CREATE TABLE IF NOT EXISTS `globlatrines` (
  `idAllLat` int(11) NOT NULL AUTO_INCREMENT,
  `libStat` varchar(128) NOT NULL,
  `libEnv` varchar(128) NOT NULL,
  `pitLat` int(11) NOT NULL,
  `wCloset` int(11) NOT NULL,
  `otherLat` int(11) NOT NULL,
  `noLat` int(11) NOT NULL,
  PRIMARY KEY (`idAllLat`)
) ENGINE=InnoDB AUTO_INCREMENT=71 DEFAULT CHARSET=utf8;

--
-- Déchargement des données de la table `globlatrines`
--

INSERT INTO `globlatrines` (`idAllLat`, `libStat`, `libEnv`, `pitLat`, `wCloset`, `otherLat`, `noLat`) VALUES
(1, 'ANDHRA PRADESH  28', 'Rural', 809705, 1093148, 397842, 10375523),
(2, 'ANDHRA PRADESH  28', 'Urban', 630179, 1960525, 667807, 915128),
(3, 'ARUNACHAL PRADESH  12', 'Rural', 39513, 9940, 28418, 86630),
(4, 'ARUNACHAL PRADESH  12', 'Urban', 15434, 13499, 12903, 6278),
(5, 'ASSAM  18', 'Rural', 1979800, 363519, 170485, 1706369),
(6, 'ASSAM  18', 'Urban', 188702, 421092, 66741, 38650),
(7, 'BIHAR  10', 'Rural', 755668, 526492, 479431, 10898416),
(8, 'BIHAR  10', 'Urban', 150391, 574602, 196767, 400823),
(9, 'CHHATTISGARH  22', 'Rural', 59659, 61434, 52901, 3185084),
(10, 'CHHATTISGARH  22', 'Urban', 40676, 306495, 68034, 374235),
(11, 'GOA  30', 'Rural', 26636, 29316, 11911, 72892),
(12, 'GOA  30', 'Urban', 25948, 53831, 16080, 42602),
(13, 'GUJARAT  24', 'Rural', 475894, 663847, 134782, 4611438),
(14, 'GUJARAT  24', 'Urban', 366410, 2334150, 326408, 731060),
(15, 'HARYANA  06', 'Rural', 502207, 51845, 149461, 1750950),
(16, 'HARYANA  06', 'Urban', 284714, 333201, 249377, 207887),
(17, 'HIMACHAL PRADESH  02', 'Rural', 164167, 70258, 69777, 793318),
(18, 'HIMACHAL PRADESH  02', 'Urban', 17166, 71153, 22197, 32597),
(19, 'JAMMU & KASHMIR  01', 'Rural', 190753, 33450, 261231, 675923),
(20, 'JAMMU & KASHMIR  01', 'Urban', 78751, 103602, 156815, 51243),
(21, 'JHARKHAND  20', 'Rural', 80582, 84693, 84517, 3552620),
(22, 'JHARKHAND  20', 'Urban', 78521, 437172, 191197, 353288),
(23, 'KARNATAKA  29', 'Rural', 632514, 311500, 217245, 5513914),
(24, 'KARNATAKA  29', 'Urban', 736283, 1595616, 343868, 881193),
(25, 'KERALA  32', 'Rural', 631664, 3063983, 324374, 922529),
(26, 'KERALA  32', 'Urban', 183557, 1235462, 101728, 131909),
(27, 'MADHYA PRADESH  23', 'Rural', 315561, 213056, 197601, 7398577),
(28, 'MADHYA PRADESH  23', 'Urban', 332437, 1148702, 412089, 901630),
(29, 'MAHARASHTRA  27', 'Rural', 1124458, 585470, 292008, 8991687),
(30, 'MAHARASHTRA  27', 'Urban', 571036, 3580166, 535330, 3382994),
(31, 'MANIPUR  14', 'Rural', 198029, 13708, 17925, 66692),
(32, 'MANIPUR  14', 'Urban', 67834, 20815, 7904, 4749),
(33, 'MEGHALAYA  17', 'Rural', 98370, 12339, 21490, 197479),
(34, 'MEGHALAYA  17', 'Urban', 30005, 39435, 13505, 7623),
(35, 'MIZORAM  15', 'Rural', 55677, 3271, 4337, 16077),
(36, 'MIZORAM  15', 'Urban', 44477, 28170, 7353, 1604),
(37, 'NAGALAND  13', 'Rural', 125410, 15705, 30410, 93809),
(38, 'NAGALAND  13', 'Urban', 27000, 13255, 22539, 3922),
(39, 'ORISSA  21', 'Rural', 209472, 223290, 90510, 6259607),
(40, 'ORISSA  21', 'Urban', 103055, 468113, 77767, 438313),
(41, 'PUNJAB  03', 'Rural', 731747, 177292, 226487, 1639936),
(42, 'PUNJAB  03', 'Urban', 305813, 692949, 290145, 200787),
(43, 'RAJASTHAN  08', 'Rural', 579921, 227428, 238036, 6111318),
(44, 'RAJASTHAN  08', 'Urban', 397910, 886868, 378726, 522087),
(45, 'SIKKIM  11', 'Rural', 27296, 22326, 4816, 37285),
(46, 'SIKKIM  11', 'Urban', 251, 11322, 373, 1069),
(47, 'TAMIL NADU  33', 'Rural', 377122, 609067, 201730, 7086871),
(48, 'TAMIL NADU  33', 'Urban', 658193, 2682181, 454527, 2103935),
(49, 'TRIPURA  16', 'Rural', 356303, 24631, 39650, 119096),
(50, 'TRIPURA  16', 'Urban', 54806, 52763, 11051, 3723),
(51, 'UTTAR PRADESH  09', 'Rural', 1716646, 401200, 1840724, 16631504),
(52, 'UTTAR PRADESH  09', 'Urban', 934442, 1653335, 1549079, 1033671),
(53, 'UTTARANCHAL  05', 'Rural', 192541, 85770, 99685, 818161),
(54, 'UTTARANCHAL  05', 'Urban', 104258, 159255, 75478, 51173),
(55, 'WEST BENGAL  19', 'Rural', 1712827, 778345, 514682, 8156016),
(56, 'WEST BENGAL  19', 'Urban', 1042595, 2513682, 307646, 690122),
(57, 'ANDAMAN & NICOBAR ISLANDS  35', 'Rural', 6154, 9127, 5737, 28635),
(58, 'ANDAMAN & NICOBAR ISLANDS  35', 'Urban', 1578, 13739, 2589, 5503),
(59, 'CHANDIGARH  04', 'Rural', 1363, 10137, 3098, 6704),
(60, 'CHANDIGARH  04', 'Urban', 1849, 127789, 14950, 35988),
(61, 'DADRA & NAGAR HAVELI  26', 'Rural', 74, 5538, 67, 27104),
(62, 'DADRA & NAGAR HAVELI  26', 'Urban', 388, 8010, 241, 2551),
(63, 'DAMAN & DIU  25', 'Rural', 2069, 4468, 537, 15017),
(64, 'DAMAN & DIU  25', 'Urban', 419, 7418, 179, 4235),
(65, 'DELHI  07', 'Rural', 55767, 32255, 18586, 62920),
(66, 'DELHI  07', 'Urban', 362087, 1129239, 393275, 500020),
(67, 'LAKSHADWEEP  31', 'Rural', 20, 4881, 83, 367),
(68, 'LAKSHADWEEP  31', 'Urban', 30, 2729, 499, 631),
(69, 'PONDICHERRY  34', 'Rural', 708, 14325, 434, 56732),
(70, 'PONDICHERRY  34', 'Urban', 2994, 81057, 4692, 47713);

-- --------------------------------------------------------

--
-- Structure de la table `globmaterials`
--

DROP TABLE IF EXISTS `globmaterials`;
CREATE TABLE IF NOT EXISTS `globmaterials` (
  `idAllMat` int(11) NOT NULL AUTO_INCREMENT,
  `libStat` varchar(128) NOT NULL,
  `libEnv` varchar(128) NOT NULL,
  `mud` int(11) NOT NULL,
  `wood` int(11) NOT NULL,
  `brick` int(11) NOT NULL,
  `stone` int(11) NOT NULL,
  `cement` int(11) NOT NULL,
  `mosaic` int(11) NOT NULL,
  `anyOther` int(11) NOT NULL,
  PRIMARY KEY (`idAllMat`)
) ENGINE=InnoDB AUTO_INCREMENT=70 DEFAULT CHARSET=utf8;

--
-- Déchargement des données de la table `globmaterials`
--

INSERT INTO `globmaterials` (`idAllMat`, `libStat`, `libEnv`, `mud`, `wood`, `brick`, `stone`, `cement`, `mosaic`, `anyOther`) VALUES
(1, 'ANDHRA PRADESH  28', 'Rural', 7997880, 45420, 94488, 3829081, 2931084, 84033, 48655),
(2, 'ANDHRA PRADESH  28', 'Urban', 496367, 10447, 28101, 2362869, 1558039, 473033, 50847),
(3, 'ARUNACHAL PRADESH  12', 'Rural', 62617, 116707, 292, 401, 37272, 89, 388),
(4, 'ARUNACHAL PRADESH  12', 'Urban', 20571, 10794, 309, 377, 33669, 147, 127),
(5, 'ASSAM  18', 'Rural', 4536303, 190347, 49671, 19399, 387350, 8810, 2410),
(6, 'ASSAM  18', 'Urban', 389088, 18905, 27090, 11562, 503712, 23629, 718),
(7, 'BIHAR  10', 'Rural', 12768815, 86920, 344648, 35388, 1305839, 27232, 7064),
(8, 'BIHAR  10', 'Urban', 621004, 13685, 82412, 10721, 948452, 63331, 1016),
(9, 'CHHATTISGARH  22', 'Rural', 3591454, 7716, 9415, 149724, 248636, 8881, 1896),
(10, 'CHHATTISGARH  22', 'Urban', 353191, 2506, 6200, 127069, 423907, 67147, 984),
(11, 'GOA  30', 'Rural', 105529, 391, 850, 1245, 77329, 38726, 613),
(12, 'GOA  30', 'Urban', 36384, 704, 1034, 1393, 99997, 93363, 1310),
(13, 'GUJARAT  24', 'Rural', 4452316, 19276, 33951, 327585, 1819712, 857525, 14808),
(14, 'GUJARAT  24', 'Urban', 376692, 13349, 21264, 568100, 1357705, 2558329, 26383),
(15, 'HARYANA  06', 'Rural', 1916218, 5375, 520770, 35181, 1003792, 56099, 7049),
(16, 'HARYANA  06', 'Urban', 220096, 3282, 155829, 78591, 976468, 119526, 7999),
(17, 'HIMACHAL PRADESH  02', 'Rural', 1297320, 228996, 6528, 50324, 571209, 10132, 3830),
(18, 'HIMACHAL PRADESH  02', 'Urban', 28127, 7030, 1518, 1879, 192280, 9034, 715),
(19, 'JAMMU & KASHMIR  01', 'Rural', 1555302, 151794, 9660, 8926, 391929, 4661, 3214),
(20, 'JAMMU & KASHMIR  01', 'Urban', 130680, 20299, 5125, 3239, 464219, 17996, 1508),
(21, 'JHARKHAND  20', 'Rural', 3801701, 6243, 48437, 6281, 619037, 4861, 2647),
(22, 'JHARKHAND  20', 'Urban', 339473, 6704, 27843, 4361, 935525, 34438, 971),
(23, 'KARNATAKA  29', 'Rural', 4910985, 41439, 41400, 1418565, 2407358, 132880, 45854),
(24, 'KARNATAKA  29', 'Urban', 534482, 17031, 23660, 853468, 2467362, 912206, 23406),
(25, 'KERALA  32', 'Rural', 1791236, 21667, 53279, 80733, 4505922, 392957, 48982),
(26, 'KERALA  32', 'Urban', 284427, 5094, 22466, 17821, 1716511, 378387, 37392),
(27, 'MADHYA PRADESH  23', 'Rural', 9209664, 18594, 45042, 321367, 654200, 131912, 11758),
(28, 'MADHYA PRADESH  23', 'Urban', 1103837, 12342, 25222, 512506, 1349038, 615130, 8734),
(29, 'MAHARASHTRA  27', 'Rural', 10777153, 64916, 105431, 533788, 1126947, 1658651, 142109),
(30, 'MAHARASHTRA  27', 'Urban', 1412513, 48147, 74552, 551808, 2530113, 6316465, 258796),
(31, 'MANIPUR  14', 'Rural', 286826, 48365, 2112, 1671, 22342, 586, 127),
(32, 'MANIPUR  14', 'Urban', 92392, 2604, 2237, 1344, 30153, 1426, 186),
(33, 'MEGHALAYA  17', 'Rural', 173749, 167671, 1588, 1209, 55987, 370, 818),
(34, 'MEGHALAYA  17', 'Urban', 16345, 40313, 431, 792, 59981, 1020, 328),
(35, 'MIZORAM  15', 'Rural', 7330, 76349, 83, 106, 7142, 4, 174),
(36, 'MIZORAM  15', 'Urban', 7194, 56040, 164, 105, 34948, 249, 181),
(37, 'NAGALAND  13', 'Rural', 187841, 68061, 1573, 1379, 35331, 551, 182),
(38, 'NAGALAND  13', 'Urban', 25835, 13717, 577, 391, 43670, 1181, 56),
(39, 'ORISSA  21', 'Rural', 6507071, 72064, 78575, 39601, 1661232, 13539, 6425),
(40, 'ORISSA  21', 'Urban', 391466, 35953, 16897, 6799, 992842, 48400, 2165),
(41, 'PUNJAB  03', 'Rural', 1907982, 6549, 655972, 104777, 1063286, 59930, 6579),
(42, 'PUNJAB  03', 'Urban', 288532, 5585, 342473, 283772, 1149899, 81937, 10203),
(43, 'RAJASTHAN  08', 'Rural', 5634567, 17450, 133296, 879243, 2892857, 124357, 55774),
(44, 'RAJASTHAN  08', 'Urban', 358679, 6368, 75403, 676792, 1704100, 353253, 25594),
(45, 'SIKKIM  11', 'Rural', 44708, 24060, 204, 2225, 38078, 475, 205),
(46, 'SIKKIM  11', 'Urban', 637, 1039, 25, 56, 16250, 876, 5),
(47, 'TAMIL NADU  33', 'Rural', 4178613, 12476, 181770, 44746, 5095522, 199742, 11842),
(48, 'TAMIL NADU  33', 'Urban', 955203, 9546, 148668, 31472, 5024425, 1080325, 22254),
(49, 'TRIPURA  16', 'Rural', 618452, 30644, 11307, 831, 39045, 674, 202),
(50, 'TRIPURA  16', 'Urban', 83829, 1220, 7774, 737, 66737, 1638, 93),
(51, 'UTTAR PRADESH  09', 'Rural', 23548929, 82547, 1135947, 97578, 2180738, 115504, 17740),
(52, 'UTTAR PRADESH  09', 'Urban', 1766174, 31881, 827258, 144213, 3924493, 416239, 12214),
(53, 'UTTARANCHAL  05', 'Rural', 1389703, 52751, 21658, 71481, 461179, 12953, 2905),
(54, 'UTTARANCHAL  05', 'Urban', 75802, 3384, 12336, 5481, 404278, 51714, 657),
(55, 'WEST BENGAL  19', 'Rural', 11441120, 151907, 415797, 50849, 2307003, 30558, 16077),
(56, 'WEST BENGAL  19', 'Urban', 1245696, 59323, 194141, 29636, 3872338, 318914, 6798),
(57, 'ANDAMAN & NICOBAR ISLANDS  35', 'Rural', 34822, 5077, 121, 181, 31392, 91, 152),
(58, 'ANDAMAN & NICOBAR ISLANDS  35', 'Urban', 2660, 1478, 136, 108, 27636, 343, 25),
(59, 'CHANDIGARH  04', 'Rural', 2605, 52, 1265, 118, 22095, 269, 24),
(60, 'CHANDIGARH  04', 'Urban', 23578, 279, 4111, 5703, 160327, 20269, 3439),
(61, 'DADRA & NAGAR HAVELI  26', 'Rural', 25886, 36, 295, 404, 8108, 6086, 109),
(62, 'DADRA & NAGAR HAVELI  26', 'Urban', 2391, 31, 166, 481, 5950, 7381, 179),
(63, 'DAMAN & DIU  25', 'Rural', 5494, 88, 77, 308, 21840, 6453, 55),
(64, 'DAMAN & DIU  25', 'Urban', 787, 81, 102, 542, 8978, 9032, 65),
(65, 'DELHI  07', 'Rural', 47809, 311, 24879, 4947, 147382, 18494, 866),
(66, 'DELHI  07', 'Urban', 213832, 4790, 120231, 92931, 2266101, 427073, 10310),
(67, 'LAKSHADWEEP  31', 'Rural', 1390, 1, 12, 3, 7759, 261, 33),
(68, 'LAKSHADWEEP  31', 'Urban', 753, 2, 9, 4, 5830, 338, 212),
(69, 'PONDICHERRY  34', 'Rural', 36591, 88, 600, 227, 49992, 2440, 41);

-- --------------------------------------------------------

--
-- Structure de la table `latrine`
--

DROP TABLE IF EXISTS `latrine`;
CREATE TABLE IF NOT EXISTS `latrine` (
  `idEquip` int(11) NOT NULL AUTO_INCREMENT,
  `pitLatrine` int(11) DEFAULT NULL,
  `waterClosed` int(11) DEFAULT NULL,
  `otherLatrine` int(11) DEFAULT NULL,
  `noLatrine` int(11) DEFAULT NULL,
  PRIMARY KEY (`idEquip`)
) ENGINE=InnoDB AUTO_INCREMENT=128 DEFAULT CHARSET=utf8;

--
-- Déchargement des données de la table `latrine`
--

INSERT INTO `latrine` (`idEquip`, `pitLatrine`, `waterClosed`, `otherLatrine`, `noLatrine`) VALUES
(1, 809705, 1093148, 397842, 10375523),
(2, 630179, 1960525, 667807, 915128),
(3, 39513, 9940, 28418, 86630),
(4, 15434, 13499, 12903, 6278),
(5, 1979800, 363519, 170485, 1706369),
(6, 188702, 421092, 66741, 38650),
(7, 755668, 526492, 479431, 10898416),
(8, 150391, 574602, 196767, 400823),
(9, 59659, 61434, 52901, 3185084),
(10, 40676, 306495, 68034, 374235),
(11, 26636, 29316, 11911, 72892),
(12, 25948, 53831, 16080, 42602),
(13, 475894, 663847, 134782, 4611438),
(14, 366410, 2334150, 326408, 731060),
(15, 502207, 51845, 149461, 1750950),
(16, 284714, 333201, 249377, 207887),
(17, 164167, 70258, 69777, 793318),
(18, 17166, 71153, 22197, 32597),
(19, 190753, 33450, 261231, 675923),
(20, 78751, 103602, 156815, 51243),
(21, 80582, 84693, 84517, 3552620),
(22, 78521, 437172, 191197, 353288),
(23, 632514, 311500, 217245, 5513914),
(24, 736283, 1595616, 343868, 881193),
(25, 631664, 3063983, 324374, 922529),
(26, 183557, 1235462, 101728, 131909),
(27, 315561, 213056, 197601, 7398577),
(28, 332437, 1148702, 412089, 901630),
(29, 1124458, 585470, 292008, 8991687),
(30, 571036, 3580166, 535330, 3382994),
(31, 198029, 13708, 17925, 66692),
(32, 67834, 20815, 7904, 4749),
(33, 98370, 12339, 21490, 197479),
(34, 30005, 39435, 13505, 7623),
(35, 55677, 3271, 4337, 16077),
(36, 44477, 28170, 7353, 1604),
(37, 125410, 15705, 30410, 93809),
(38, 27000, 13255, 22539, 3922),
(39, 209472, 223290, 90510, 6259607),
(40, 103055, 468113, 77767, 438313),
(41, 731747, 177292, 226487, 1639936),
(42, 305813, 692949, 290145, 200787),
(43, 579921, 227428, 238036, 6111318),
(44, 397910, 886868, 378726, 522087),
(45, 27296, 22326, 4816, 37285),
(46, 251, 11322, 373, 1069),
(47, 377122, 609067, 201730, 7086871),
(48, 658193, 2682181, 454527, 2103935),
(49, 356303, 24631, 39650, 119096),
(50, 54806, 52763, 11051, 3723),
(51, 1716646, 401200, 1840724, 16631504),
(52, 934442, 1653335, 1549079, 1033671),
(53, 192541, 85770, 99685, 818161),
(54, 104258, 159255, 75478, 51173),
(55, 1712827, 778345, 514682, 8156016),
(56, 1042595, 2513682, 307646, 690122),
(57, 6154, 9127, 5737, 28635),
(58, 1578, 13739, 2589, 5503),
(59, 1363, 10137, 3098, 6704),
(60, 1849, 127789, 14950, 35988),
(61, 74, 5538, 67, 27104),
(62, 388, 8010, 241, 2551),
(63, 2069, 4468, 537, 15017),
(64, 419, 7418, 179, 4235),
(65, 55767, 32255, 18586, 62920),
(66, 362087, 1129239, 393275, 500020),
(67, 20, 4881, 83, 367),
(68, 30, 2729, 499, 631),
(69, 708, 14325, 434, 56732),
(70, 2994, 81057, 4692, 47713);

-- --------------------------------------------------------

--
-- Structure de la table `matenvi`
--

DROP TABLE IF EXISTS `matenvi`;
CREATE TABLE IF NOT EXISTS `matenvi` (
  `idEnvi` int(11) DEFAULT NULL,
  `idMat` int(11) DEFAULT NULL,
  UNIQUE KEY `idEnvi` (`idEnvi`,`idMat`)
) ENGINE=InnoDB DEFAULT CHARSET=utf8;

--
-- Déchargement des données de la table `matenvi`
--

INSERT INTO `matenvi` (`idEnvi`, `idMat`) VALUES
(1, 1),
(1, 2),
(2, 1),
(2, 2),
(3, 3),
(3, 4),
(4, 3),
(4, 4),
(5, 5),
(5, 6),
(6, 5),
(6, 6),
(7, 7),
(7, 8),
(8, 7),
(8, 8),
(9, 9),
(9, 10),
(10, 9),
(10, 10),
(11, 11),
(11, 12),
(12, 11),
(12, 12),
(13, 13),
(13, 14),
(14, 13),
(14, 14),
(15, 15),
(15, 16),
(16, 15),
(16, 16),
(17, 17),
(17, 18),
(18, 17),
(18, 18),
(19, 19),
(19, 20),
(20, 19),
(20, 20),
(21, 21),
(21, 22),
(22, 21),
(22, 22),
(23, 23),
(23, 24),
(24, 23),
(24, 24),
(25, 25),
(25, 26),
(26, 25),
(26, 26),
(27, 27),
(27, 28),
(28, 27),
(28, 28),
(29, 29),
(29, 30),
(30, 29),
(30, 30),
(31, 31),
(31, 32),
(32, 31),
(32, 32),
(33, 33),
(33, 34),
(34, 33),
(34, 34),
(35, 35),
(35, 36),
(36, 35),
(36, 36),
(37, 37),
(37, 38),
(38, 37),
(38, 38),
(39, 39),
(39, 40),
(40, 39),
(40, 40),
(41, 41),
(41, 42),
(42, 41),
(42, 42),
(43, 43),
(43, 44),
(44, 43),
(44, 44),
(45, 45),
(45, 46),
(46, 45),
(46, 46),
(47, 47),
(47, 48),
(48, 47),
(48, 48),
(49, 49),
(49, 50),
(50, 49),
(50, 50),
(51, 51),
(51, 52),
(52, 51),
(52, 52),
(53, 53),
(53, 54),
(54, 53),
(54, 54),
(55, 55),
(55, 56),
(56, 55),
(56, 56),
(57, 57),
(57, 58),
(58, 57),
(58, 58),
(59, 59),
(59, 60),
(60, 59),
(60, 60),
(61, 61),
(61, 62),
(62, 61),
(62, 62),
(63, 63),
(63, 64),
(64, 63),
(64, 64),
(65, 65),
(65, 66),
(66, 65),
(66, 66),
(67, 67),
(67, 68),
(68, 67),
(68, 68),
(69, 69),
(70, 69);

-- --------------------------------------------------------

--
-- Structure de la table `materials`
--

DROP TABLE IF EXISTS `materials`;
CREATE TABLE IF NOT EXISTS `materials` (
  `idMat` int(11) NOT NULL AUTO_INCREMENT,
  `mud` int(11) DEFAULT NULL,
  `wood` int(11) DEFAULT NULL,
  `brick` int(11) DEFAULT NULL,
  `stone` int(11) DEFAULT NULL,
  `cement` int(11) DEFAULT NULL,
  `mosaic` int(11) DEFAULT NULL,
  `any` int(11) DEFAULT NULL,
  PRIMARY KEY (`idMat`)
) ENGINE=InnoDB AUTO_INCREMENT=128 DEFAULT CHARSET=utf8;

--
-- Déchargement des données de la table `materials`
--

INSERT INTO `materials` (`idMat`, `mud`, `wood`, `brick`, `stone`, `cement`, `mosaic`, `any`) VALUES
(1, 7997880, 45420, 94488, 3829081, 2931084, 84033, 48655),
(2, 496367, 10447, 28101, 2362869, 1558039, 473033, 50847),
(3, 62617, 116707, 292, 401, 37272, 89, 388),
(4, 20571, 10794, 309, 377, 33669, 147, 127),
(5, 4536303, 190347, 49671, 19399, 387350, 8810, 2410),
(6, 389088, 18905, 27090, 11562, 503712, 23629, 718),
(7, 12768815, 86920, 344648, 35388, 1305839, 27232, 7064),
(8, 621004, 13685, 82412, 10721, 948452, 63331, 1016),
(9, 3591454, 7716, 9415, 149724, 248636, 8881, 1896),
(10, 353191, 2506, 6200, 127069, 423907, 67147, 984),
(11, 105529, 391, 850, 1245, 77329, 38726, 613),
(12, 36384, 704, 1034, 1393, 99997, 93363, 1310),
(13, 4452316, 19276, 33951, 327585, 1819712, 857525, 14808),
(14, 376692, 13349, 21264, 568100, 1357705, 2558329, 26383),
(15, 1916218, 5375, 520770, 35181, 1003792, 56099, 7049),
(16, 220096, 3282, 155829, 78591, 976468, 119526, 7999),
(17, 1297320, 228996, 6528, 50324, 571209, 10132, 3830),
(18, 28127, 7030, 1518, 1879, 192280, 9034, 715),
(19, 1555302, 151794, 9660, 8926, 391929, 4661, 3214),
(20, 130680, 20299, 5125, 3239, 464219, 17996, 1508),
(21, 3801701, 6243, 48437, 6281, 619037, 4861, 2647),
(22, 339473, 6704, 27843, 4361, 935525, 34438, 971),
(23, 4910985, 41439, 41400, 1418565, 2407358, 132880, 45854),
(24, 534482, 17031, 23660, 853468, 2467362, 912206, 23406),
(25, 1791236, 21667, 53279, 80733, 4505922, 392957, 48982),
(26, 284427, 5094, 22466, 17821, 1716511, 378387, 37392),
(27, 9209664, 18594, 45042, 321367, 654200, 131912, 11758),
(28, 1103837, 12342, 25222, 512506, 1349038, 615130, 8734),
(29, 10777153, 64916, 105431, 533788, 1126947, 1658651, 142109),
(30, 1412513, 48147, 74552, 551808, 2530113, 6316465, 258796),
(31, 286826, 48365, 2112, 1671, 22342, 586, 127),
(32, 92392, 2604, 2237, 1344, 30153, 1426, 186),
(33, 173749, 167671, 1588, 1209, 55987, 370, 818),
(34, 16345, 40313, 431, 792, 59981, 1020, 328),
(35, 7330, 76349, 83, 106, 7142, 4, 174),
(36, 7194, 56040, 164, 105, 34948, 249, 181),
(37, 187841, 68061, 1573, 1379, 35331, 551, 182),
(38, 25835, 13717, 577, 391, 43670, 1181, 56),
(39, 6507071, 72064, 78575, 39601, 1661232, 13539, 6425),
(40, 391466, 35953, 16897, 6799, 992842, 48400, 2165),
(41, 1907982, 6549, 655972, 104777, 1063286, 59930, 6579),
(42, 288532, 5585, 342473, 283772, 1149899, 81937, 10203),
(43, 5634567, 17450, 133296, 879243, 2892857, 124357, 55774),
(44, 358679, 6368, 75403, 676792, 1704100, 353253, 25594),
(45, 44708, 24060, 204, 2225, 38078, 475, 205),
(46, 637, 1039, 25, 56, 16250, 876, 5),
(47, 4178613, 12476, 181770, 44746, 5095522, 199742, 11842),
(48, 955203, 9546, 148668, 31472, 5024425, 1080325, 22254),
(49, 618452, 30644, 11307, 831, 39045, 674, 202),
(50, 83829, 1220, 7774, 737, 66737, 1638, 93),
(51, 23548929, 82547, 1135947, 97578, 2180738, 115504, 17740),
(52, 1766174, 31881, 827258, 144213, 3924493, 416239, 12214),
(53, 1389703, 52751, 21658, 71481, 461179, 12953, 2905),
(54, 75802, 3384, 12336, 5481, 404278, 51714, 657),
(55, 11441120, 151907, 415797, 50849, 2307003, 30558, 16077),
(56, 1245696, 59323, 194141, 29636, 3872338, 318914, 6798),
(57, 34822, 5077, 121, 181, 31392, 91, 152),
(58, 2660, 1478, 136, 108, 27636, 343, 25),
(59, 2605, 52, 1265, 118, 22095, 269, 24),
(60, 23578, 279, 4111, 5703, 160327, 20269, 3439),
(61, 25886, 36, 295, 404, 8108, 6086, 109),
(62, 2391, 31, 166, 481, 5950, 7381, 179),
(63, 5494, 88, 77, 308, 21840, 6453, 55),
(64, 787, 81, 102, 542, 8978, 9032, 65),
(65, 47809, 311, 24879, 4947, 147382, 18494, 866),
(66, 213832, 4790, 120231, 92931, 2266101, 427073, 10310),
(67, 1390, 1, 12, 3, 7759, 261, 33),
(68, 753, 2, 9, 4, 5830, 338, 212),
(69, 36591, 88, 600, 227, 49992, 2440, 41);

-- --------------------------------------------------------

--
-- Structure de la table `states`
--

DROP TABLE IF EXISTS `states`;
CREATE TABLE IF NOT EXISTS `states` (
  `idState` int(11) NOT NULL AUTO_INCREMENT,
  `libState` varchar(128) NOT NULL,
  PRIMARY KEY (`idState`)
) ENGINE=InnoDB AUTO_INCREMENT=128 DEFAULT CHARSET=utf8;

--
-- Déchargement des données de la table `states`
--

INSERT INTO `states` (`idState`, `libState`) VALUES
(1, 'ANDHRA PRADESH  28'),
(2, 'ANDHRA PRADESH  28'),
(3, 'ARUNACHAL PRADESH  12'),
(4, 'ARUNACHAL PRADESH  12'),
(5, 'ASSAM  18'),
(6, 'ASSAM  18'),
(7, 'BIHAR  10'),
(8, 'BIHAR  10'),
(9, 'CHHATTISGARH  22'),
(10, 'CHHATTISGARH  22'),
(11, 'GOA  30'),
(12, 'GOA  30'),
(13, 'GUJARAT  24'),
(14, 'GUJARAT  24'),
(15, 'HARYANA  06'),
(16, 'HARYANA  06'),
(17, 'HIMACHAL PRADESH  02'),
(18, 'HIMACHAL PRADESH  02'),
(19, 'JAMMU & KASHMIR  01'),
(20, 'JAMMU & KASHMIR  01'),
(21, 'JHARKHAND  20'),
(22, 'JHARKHAND  20'),
(23, 'KARNATAKA  29'),
(24, 'KARNATAKA  29'),
(25, 'KERALA  32'),
(26, 'KERALA  32'),
(27, 'MADHYA PRADESH  23'),
(28, 'MADHYA PRADESH  23'),
(29, 'MAHARASHTRA  27'),
(30, 'MAHARASHTRA  27'),
(31, 'MANIPUR  14'),
(32, 'MANIPUR  14'),
(33, 'MEGHALAYA  17'),
(34, 'MEGHALAYA  17'),
(35, 'MIZORAM  15'),
(36, 'MIZORAM  15'),
(37, 'NAGALAND  13'),
(38, 'NAGALAND  13'),
(39, 'ORISSA  21'),
(40, 'ORISSA  21'),
(41, 'PUNJAB  03'),
(42, 'PUNJAB  03'),
(43, 'RAJASTHAN  08'),
(44, 'RAJASTHAN  08'),
(45, 'SIKKIM  11'),
(46, 'SIKKIM  11'),
(47, 'TAMIL NADU  33'),
(48, 'TAMIL NADU  33'),
(49, 'TRIPURA  16'),
(50, 'TRIPURA  16'),
(51, 'UTTAR PRADESH  09'),
(52, 'UTTAR PRADESH  09'),
(53, 'UTTARANCHAL  05'),
(54, 'UTTARANCHAL  05'),
(55, 'WEST BENGAL  19'),
(56, 'WEST BENGAL  19'),
(57, 'ANDAMAN & NICOBAR ISLANDS  35'),
(58, 'ANDAMAN & NICOBAR ISLANDS  35'),
(59, 'CHANDIGARH  04'),
(60, 'CHANDIGARH  04'),
(61, 'DADRA & NAGAR HAVELI  26'),
(62, 'DADRA & NAGAR HAVELI  26'),
(63, 'DAMAN & DIU  25'),
(64, 'DAMAN & DIU  25'),
(65, 'DELHI  07'),
(66, 'DELHI  07'),
(67, 'LAKSHADWEEP  31'),
(68, 'LAKSHADWEEP  31'),
(69, 'PONDICHERRY  34'),
(70, 'PONDICHERRY  34');

-- --------------------------------------------------------

--
-- Structure de la table `type`
--

DROP TABLE IF EXISTS `type`;
CREATE TABLE IF NOT EXISTS `type` (
  `idType` int(11) NOT NULL AUTO_INCREMENT,
  `libType` varchar(128) NOT NULL,
  PRIMARY KEY (`idType`)
) ENGINE=InnoDB AUTO_INCREMENT=4 DEFAULT CHARSET=utf8;

--
-- Déchargement des données de la table `type`
--

INSERT INTO `type` (`idType`, `libType`) VALUES
(1, 'Rural'),
(2, 'Urban');
COMMIT;

/*!40101 SET CHARACTER_SET_CLIENT=@OLD_CHARACTER_SET_CLIENT */;
/*!40101 SET CHARACTER_SET_RESULTS=@OLD_CHARACTER_SET_RESULTS */;
/*!40101 SET COLLATION_CONNECTION=@OLD_COLLATION_CONNECTION */;
